name,address,rating,user_ratings_total,place_id,types,taluka,latitude,longitude,Unnamed: 9,Unnamed: 10,categories
Sahil Boat Trips,"Patnem canacona goa, South goa ,403702 Patnem beach, Canacona, Goa 403702, India",5.0,58.0,ChIJ471hdIlbvjsR_MMjI3PVPuE,"tourist_attraction, travel_agency, point_of_interest, establishment",Canacona,14.9991402,74.0321115,,,['beaches']
Rudra Boat Trip Talpona,"Jetty, Talpona, beach, Poingunin, Goa 403702, India",5.0,48.0,ChIJkX24D9ZbvjsRYzJ62aS4hP8,"tourist_attraction, point_of_interest, establishment",Canacona,14.9829136,74.0398425,,,['beaches']
National Flag mast,"FRWQ+485, Panaji - Farmagudi - Margao Hwy Bypass Rd, Patto Centre, Bambolim, Panaji, Goa 403001, India",5.0,8.0,ChIJZ3G-qP_BvzsRv6dY5BejKwo,"museum, point_of_interest, establishment",Tiswadi (Panaji),15.4952612,73.838359,,,['historical']
Mitansh_boat_trip,"End of palolem beach, end of road, Palolem, Canacona, Goa 403702, India",5.0,5.0,ChIJF0dLRrFFvjsRdCulOZjvCM8,"tourist_attraction, point_of_interest, establishment",Canacona,15.0136087,74.0160597,,,['beaches']
GOI - Glimpses Of India,"Talewada, Betora, Ponda, Goa 403409, India",5.0,4.0,ChIJAQAAALy6vzsRtmA7M6-XUpg,"museum, point_of_interest, establishment",Ponda,15.3820842,74.015019,,,['historical']
Srikarisapusiá Beach,"ROCKPOOL, 495, W Goa, 2, Vagator Beach Rd, Vagator, Anjuna, Goa 403509, India",5.0,3.0,ChIJuVglFADpvzsRWe4ZHq21IEw,"tourist_attraction, point_of_interest, establishment",Bardez (Mapusa),15.6066796,73.7323809,,,['beaches']
Kolz Bon Beach Wedding,"81/5, Palolem, Canacona, Goa 403702, India",5.0,2.0,ChIJsdnjfXRFvjsR2vumsP9H730,"tourist_attraction, point_of_interest, establishment",Canacona,15.0038117,74.0265002,,,['beaches']
Old baniyan Tree GOA-Madgaon,"7XM4+HPM, Colva Circle, Fatorda, Madgaon",5.0,1.0,ChIJVXc7FQCzvzsRgyweRRDa-Ls,"tourist_attraction, point_of_interest, establishment",Salcete (Margao),15.2839617,73.9568038,,,['historical']
GYAN DOLPHIN TRIP,"Main beach road, near sumitra stores, Patnem, Palolem, Canacona, Goa 403702, India",5.0,1.0,ChIJPZEPUclbvjsRdFNAz4pypIk,"tourist_attraction, point_of_interest, establishment",Canacona,14.9978902,74.033415,,,"['beaches', 'shopping']"
Palolem boat kayaking backwater,"Beach, near st.cruz chapel, Palolem, Canacona, Goa 403702, India",4.9,107.0,ChIJRwiKArBFvjsRWln8gzgJsjU,"tourist_attraction, point_of_interest, establishment",Canacona,15.0130747,74.0159922,,,"['adventure', 'beaches', 'religious']"
Dream Beach,"9R8P+3MC, Bogmalo, Goa 403806, India",4.9,7.0,ChIJDSI10u7JvzsR4lzwLqAN-nk,"park, point_of_interest, establishment",Mormugao (Vasco),15.3651972,73.8366373,,,"['beaches', 'nature']"
"Kadamba Shri Mahadeva Temple, Tambdisurla","C7Q3+J27, Near Bhagwan Mahaveer Wildlife Sanctury, Sanguem, Surla, Goa 403406, India",4.8,5158.0,ChIJKTeIBk4IvzsRekHQksfEKkk,"hindu_temple, tourist_attraction, place_of_worship, point_of_interest, establishment,historical",Dharbandora,15.4390499,74.2525571,,,"['historical', 'nature', 'religious']"
"Shri Nageshi Temple,","Bandiwade, Donshiwado, Ponda, Bandiwada, Goa 403401, India",4.8,2812.0,ChIJ9Z288fW6vzsRiiAZ44P99zg,"hindu_temple, tourist_attraction, place_of_worship, point_of_interest, establishment,historical",Ponda,15.4074651,73.9837259,,,"['historical', 'religious']"
Cabo de Rama Beach,"Cabo de Rama Beach Beach in, Canaguinim, Goa 403703, India",4.8,317.0,ChIJ008IwKFJvjsRgM2w8Nyy_JM,"tourist_attraction, point_of_interest, establishment",Canacona,15.1048786,73.9251187,,,['beaches']
Kamakshi Temple Arch,"82CM+8XC, Shiroda, Goa 403103, India",4.8,200.0,ChIJyZ7-9QevvzsRFR22zt8ZYD4,"hindu_temple, place_of_worship, point_of_interest, establishment",Ponda,15.3208195,74.0348865,,,"['historical', 'religious']"
Pilar Seminary Museum,"CVVW+22W, Fr. Agnel Church, Pilar, Goa Velha, Goa 403203, India",4.8,46.0,ChIJQc3I1bm5vzsRdyf8hmJ3THs,"museum, point_of_interest, establishment",Tiswadi (Panaji),15.4425841,73.8950171,,,"['historical', 'religious']"
Harvest Ministries,"Sh. No. 6&7, Grace Heritage Complex, Fatorda, Madgaon, Goa 403601, India",4.8,18.0,ChIJeX_hhmGxvzsRR3f-FDZnutg,"church, place_of_worship, point_of_interest, establishment",Salcete (Margao),15.2901892,73.9652548,,,"['historical', 'religious']"
Beach Viewpoint,"224G+2R4, Ourem Rd, south end, Palolem, Canacona, Goa 403702, India",4.8,16.0,ChIJ3SiDDgBFvjsRHoWQyxC7GvU,"tourist_attraction, point_of_interest, establishment",Canacona,15.005029,74.0268043,,,"['beaches', 'scenic']"
Pathway to Beach,"227F+39J, Dr Pundlik Gaitonde Rd, Palolem, Canacona, Goa 403702, India",4.8,4.0,ChIJCZ77HmNFvjsR7r5jIYFwtnA,"tourist_attraction, point_of_interest, establishment",Canacona,15.0127021,74.0233801,,,['beaches']
Patnem Beach,"Patnem Beach, Goa, India",4.7,1796.0,ChIJI7UxkMpavjsRkdcBv7fN0QA,"natural_feature, establishment",Quepem,14.9968861,74.0335008,,,['beaches']
Galgibaga Beach,"Galgibaga Beach, Goa, India",4.7,1386.0,ChIJn2moOTxbvjsRKbW2KRy9wZ4,"natural_feature, establishment",Canacona,14.9600472,74.0495654,,,['beaches']
Hunger burst Bistro,"Heritage Princes Building, opp. Almeida school, Khadpabandh, Ponda, Goa 403401, India",4.7,1054.0,ChIJQ5iQZDO7vzsRLUtZG3vXSxg,"cafe, night_club, restaurant, food, bar, point_of_interest, store, establishment",Ponda,15.400977,74.003582,,,"['food', 'historical', 'nightlife', 'shopping']"
Kakolem Beach,"Kakolem Beach, Goa 403702, India",4.7,1036.0,ChIJW-Ysb8NOvjsRaPP6mUZFoXc,"natural_feature, establishment",Pernem,15.073137,73.9546265,,,['beaches']
Our Lady of Fatima Church - Don Bosco Panjim,"Don Bosco, MG Road, Panjim, Panaji, Goa 403001, India",4.7,798.0,ChIJ68trVozAvzsRaVyUmInnBCo,"church, place_of_worship, point_of_interest, establishment,religious,historical",Tiswadi (Panaji),15.4967764,73.821457,,,"['historical', 'religious']"
Church of the Cross of Miracles,"FWR7+V92, Ella, Old Goa, Goa 403110, India",4.7,513.0,ChIJfU7MxZS-vzsR0AG4t-cAHE8,"tourist_attraction, church, place_of_worship, point_of_interest, establishment,religious,historical",Salcete (Margao),15.492147,73.913386,,,"['historical', 'religious']"
Talpona Beach,"Talpona Beach, Goa, India",4.7,469.0,ChIJrWx_htdavjsRuZH5wuHKgRA,"natural_feature, establishment",Canacona,14.9780088,74.0419464,,,['beaches']
Heritage Exotica Villa,"Villa A1, Heritage Exotica, Bardez, Arpora, Goa 403516, India",4.7,256.0,ChIJ7e3F0u7rvzsRiushDCJTilg,"point_of_interest, establishment",Bardez (Mapusa),15.5699222,73.7688268,,,"['historical', 'nightlife']"
Agonda Beach,"Agonda Beach Rd, Agonda, Goa 403702, India",4.7,106.0,ChIJsZjTYDtPvjsRJSOzYdXqIjU,"tourist_attraction, point_of_interest, establishment",Canacona,15.0469828,73.9846745,,,['beaches']
Our Lady Of Miracles Church,"FWR7+X9G, Old Goa, Goa 403110, India",4.7,97.0,ChIJN1VVpu2-vzsRlQkcMrUJn4A,"tourist_attraction, church, place_of_worship, point_of_interest, establishment",Salcete (Margao),15.4924326,73.9134459,,,"['historical', 'religious']"
Dharohar : National Museum of Customs and GST,"GR2H+C75 Captain & Port, Avenida Dom João de Castro, opp. Jetty, Ozari, Panaji, Goa 403001, India",4.7,78.0,ChIJTz2sLQXBvzsRZHM8YsJ-kVk,"museum, point_of_interest, establishment",Tiswadi (Panaji),15.501018,73.8282409,,,"['beaches', 'historical']"
Dharohar: National Museum of Customs & GST,"GR2H+C75, Avenida Dom João de Castro, Opp. Jetty Captain & Port, Ozari, Panaji, Goa 403001, India",4.7,75.0,ChIJ6S4n7IjAvzsRdRnA6yvbsQk,"tourist_attraction, museum, point_of_interest, establishment",Tiswadi (Panaji),15.501018,73.8282409,,,"['beaches', 'historical']"
Beach Sun set View Point,"CQ4P+PFM, Headland Sada, Vasco Da Gama, Mormugao, Goa 403804, India",4.7,48.0,ChIJuzunganHvzsRn9Vmk-FqYs8,"tourist_attraction, point_of_interest, establishment",Mormugao (Vasco),15.4068494,73.7861705,,,"['beaches', 'scenic']"
MORJIM BEACH NORTH GOA,"943, Morjim Beach Road, Morjim, Goa 403512, India",4.7,23.0,ChIJXxFhXA_pvzsRvAtB8uO7J_8,"tourist_attraction, point_of_interest, establishment",Pernem,15.6278365,73.7281319,,,['beaches']
Carmelite church ruins,"GW39+355, Old Goa, Goa 403402, India",4.7,9.0,ChIJKRKDYgC_vzsRvlbgYtg-b5Y,"point_of_interest, establishment",Salcete (Margao),15.5026414,73.9179693,,,"['historical', 'religious']"
Old Bridge Curpem,"45HQ+8HX, Kurpe",4.7,6.0,ChIJkW4juaNVvjsR4GJEu-QDzhM,"tourist_attraction, point_of_interest, establishment",Canacona,15.1283741,74.188976,,,['historical']
Palolem Beach,"Palolem Beach, Goa, India",4.6,28949.0,ChIJuwJb0FFFvjsR9bsPS33GGx4,"natural_feature, establishment, beach, relaxation, scenic, nightlife, water sports",Canacona,15.0099648,74.0232186,,,"['adventure', 'beaches', 'nightlife', 'relaxation', 'scenic', 'water sports']"
BENZ WAX MUSEUM & FISH AQUARIUM,"Junction, Calangute - Arpora Rd, near Arpora, Arpora, Goa 403516, India",4.6,27315.0,ChIJaQVTa_LrvzsRHDEKtziA-JE,"museum, point_of_interest, establishment",Bardez (Mapusa),15.5609664,73.7636452,,,['historical']
Arambol Beach,"Arambol Beach, Goa, India",4.6,12992.0,ChIJU2YT71LuvzsRFgfxISbKed0,"natural_feature, establishment",Bardez (Mapusa),15.6846886,73.7032836,,,['beaches']
Cola Beach,"Cola Beach Rd, Kola, Goa 403702, India",4.6,11157.0,ChIJN7gFSwNPvjsRikm58eoZL_U,"tourist_attraction, point_of_interest, establishment,beach",Canacona,15.0573292,73.9718316,,,['beaches']
Morjim Beach,"JPHH+36R, Morjim, Goa 403512, India",4.6,8145.0,ChIJL0YJ38ruvzsRmbkATYIiC40,"point_of_interest, establishment, beach, relaxation, scenic, photography",Pernem,15.6277403,73.7280048,,,"['beaches', 'photography', 'relaxation', 'scenic']"
W Goa,"Vagator Beach, Bardez, Goa, 403509, India",4.6,7783.0,ChIJn3MIgG_pvzsRfuIlXe1SYEY,"lodging, point_of_interest, establishment",Bardez (Mapusa),15.6024636,73.7369477,,,"['beaches', 'nightlife']"
Naval Aviation Museum,"Bogmalo Road, Vasco Da Gama, Bogmalo, Goa 403806, India",4.6,7127.0,ChIJoW7X1f7HvzsRsbml_wpjpE4,"tourist_attraction, museum, point_of_interest, establishment",Salcete (Margao),15.3746494,73.8387763,,,['historical']
Mandrem Beach,"MP95+VR7, Near Chopdem, Mandrem, Goa 403527, India",4.6,6875.0,ChIJ0YVAXejuvzsRwE5XWdcQbO4,"tourist_attraction, point_of_interest, establishment, beach, relaxation, scenic, photography, peaceful",Bardez (Mapusa),15.6696522,73.7095472,,,"['beaches', 'peaceful', 'photography', 'relaxation', 'scenic']"
Keri Beach,"PM6R+VQ5, Querim, Goa 403524, India",4.6,4445.0,ChIJ4ayK8NDvvzsR78k8dPh_ryw,"tourist_attraction, point_of_interest, establishment,beach",Pernem,15.7087743,73.6929842,,,['beaches']
Ashvem Beach,"Ashvem Beach, Goa, India",4.6,2570.0,ChIJx3JytMXuvzsRl1R6ni18FbY,"natural_feature, establishment",Pernem,15.6437966,73.7174025,,,['beaches']
Morjhim Beach,"Morjhim Beach, Morjim, Goa 403512, India",4.6,2050.0,ChIJFUx4sUjpvzsRODyBpvAASV0,"natural_feature, establishment",Pernem,15.6246696,73.7292137,,,['beaches']
AAA All About Alcohol Museum,"Main Road, Candolim, Goa 403515, India",4.6,2010.0,ChIJ2dIMYnfBvzsREa3ZA2AyWyw,"museum, point_of_interest, establishment",Bardez (Mapusa),15.5095841,73.7693015,,,['historical']
Querim Beach,"Querim Beach, Goa, India",4.6,1494.0,ChIJ4-pZ_tDvvzsRA_whdNQx120,"natural_feature, establishment",Bardez (Mapusa),15.7192093,73.6900414,,,['beaches']
Morjim Beach Goa,"Tem, Morjim, Goa 403512, India",4.6,1446.0,ChIJr4aj2XbpvzsR0tYp5LuuRh8,"point_of_interest, establishment",Pernem,15.6173203,73.7335798,,,['beaches']
St. Jerome Church,"HRQ9+Q9R, Market Rd, Angod, Mapusa, Goa 403507, India",4.6,1209.0,ChIJ6W_gAd7qvzsRJwDxJqg3318,"tourist_attraction, church, place_of_worship, point_of_interest, establishment,religious,historical",Bardez (Mapusa),15.589499,73.818388,,,"['food', 'historical', 'religious', 'shopping']"
Arambol Mountain,"MMVX+9QV, near beach, Arambol, Goa 403524, India",4.6,1062.0,ChIJm4dSXLPvvzsRL6X7fFMDKVI,"tourist_attraction, point_of_interest, establishment",Pernem,15.6934972,73.6994326,,,['beaches']
Our Lady of Merces Church,"Colva Beach Rd, near Infant Jesus High School, Fatona, Colva, Goa 403708, India",4.6,1005.0,ChIJgzYWXhu0vzsRfZwjXKrB9Ms,"tourist_attraction, church, place_of_worship, point_of_interest, establishment,religious,historical",Salcete (Margao),15.2784948,73.9224645,,,"['beaches', 'historical', 'religious']"
Cavelossim Beach,"5WCR+QPX, Cavelossim Rd, Cavelossim, Goa 403731, India",4.6,949.0,ChIJLYXba5JNvjsR3qfx825JZX8,"point_of_interest, establishment,beach",Salcete (Margao),15.1719963,73.9418611,,,['beaches']
Mobor Beach,"Mobor Beach, India",4.6,916.0,ChIJqXb8dYZMvjsRxawF2w4G7zU,"natural_feature, establishment",Salcete (Margao),15.1563886,73.9457178,,,['beaches']
"St. Cajetan Church, Goa","GW48+62M, Old Goa, Goa 403402, India",4.6,860.0,ChIJPzptf4u-vzsRYl7FhM9LGJc,"tourist_attraction, church, place_of_worship, point_of_interest, establishment",Salcete (Margao),15.5055969,73.9150423,,,"['historical', 'religious']"
"Palolem Beach, GOA","225G+83J, Mohanbagh, Palolem, Canacona, Goa 403702, India",4.6,828.0,ChIJr7GCQHpbvjsRTjE2wcXpE_I,"tourist_attraction, point_of_interest, establishment,beach",Canacona,15.0083261,74.0251467,,,['beaches']
Morgim Beach,"Morgim Beach, Morjim, Goa 403512, India",4.6,648.0,ChIJLcOVXEPpvzsRI3q63F4VEf0,"natural_feature, establishment",Pernem,15.6154449,73.7363853,,,['beaches']
Cola beach kayaking - ADI kayaking service,"Cola Beach Rd, Canacona, Kola, Goa 403702, India",4.6,505.0,ChIJXwPVMhdbvjsRu59-xLH3ecw,"tourist_attraction, travel_agency, point_of_interest, store, establishment,adventure",Canacona,15.0573791,73.9713667,,,"['adventure', 'beaches', 'shopping']"
Sinquerim Beach,"FQX8+MXF, Sinquerim, Candolim, Goa 403519, India",4.6,481.0,ChIJM5xmqdrBvzsR0UQsbvbKJDA,"tourist_attraction, point_of_interest, establishment,beach",Bardez (Mapusa),15.4991764,73.7674326,,,['beaches']
Benaulim beach,"7W39+7X7, Benaulim, Goa 403716, India",4.6,476.0,ChIJK01FI2K1vzsRoVMmY1ivMpE,"tourist_attraction, point_of_interest, establishment,beach",Salcete (Margao),15.2531713,73.9199206,,,['beaches']
"De Soul Santé, Morjim Beach","Vithaldas wada, Pernem, Goa 403512, India",4.6,456.0,ChIJwwVBkKDpvzsR9fnvm-vckIU,"lodging, restaurant, food, point_of_interest, clothing_store, store, establishment",Pernem,15.6289499,73.7274457,,,"['beaches', 'food', 'shopping']"
Majorda beach,"8W63+F4J, Majorda, Goa 403713, India",4.6,337.0,ChIJwTfthqi3vzsRpAgUskiy6l4,"tourist_attraction, point_of_interest, establishment",Salcete (Margao),15.3112107,73.9027669,,,['beaches']
Vagator Hill View,"Chapora Fort Trail, Vagator, Goa 403509, India",4.6,320.0,ChIJNb7bl2jpvzsRQJxMZFXA3vo,"park, point_of_interest, establishment",Bardez (Mapusa),15.6009571,73.7342742,,,"['fort', 'historical', 'nature', 'scenic']"
Sinquerim Fort view Point,"FQX7+2XG, Below Taj holiday village Sinquerim, beach, Aguada Fort Area, Candolim, Goa 403515, India",4.6,308.0,ChIJTYvlxXfBvzsRoLIpck2UZqE,"tourist_attraction, point_of_interest, establishment",Bardez (Mapusa),15.4975629,73.7649449,,,"['beaches', 'fort', 'historical', 'scenic']"
Relics Of St. Francis Xavier,"GW26+8M8, Old Goa Road, Old Goa, Goa 403402, India",4.6,283.0,ChIJ3VHkufK-vzsR-qTYDyPRyq4,"tourist_attraction, place_of_worship, point_of_interest, establishment",Salcete (Margao),15.5007713,73.9116972,,,['historical']
Churches and Convents of Goa,"GW26+WPJ, Old Goa, Goa 403402, India",4.6,218.0,ChIJuYbOebq_vzsR4EdqL-jhF2E,"point_of_interest, establishment,religious",Salcete (Margao),15.5023377,73.9117653,,,"['historical', 'religious']"
Turtle Beach,"Turtle Beach, Poingunin, Goa 403702, India",4.6,211.0,ChIJoz6KFzxbvjsR3KwmyqFf0QY,"natural_feature, establishment",Canacona,14.9599248,74.0489962,,,['beaches']
Archbishop's Palace,"FRRG+QF7, Altinho, Panaji, Goa 403001, India",4.6,201.0,ChIJK7CL6JHAvzsRcYYIaKrhVJw,"point_of_interest, establishment",Tiswadi (Panaji),15.491944,73.8261593,,,['historical']
Turtle Beach Morjim,"JP7P+WRQ, Kannaikwada, Morjim, Goa 403512, India",4.6,172.0,ChIJwy5iUwvpvzsRbT4ZrrFPizk,"tourist_attraction, point_of_interest, establishment",Pernem,15.6148324,73.7371049,,,['beaches']
St. Michael Archangel Church,"6XC4+7XM, Orlim Bridge, Orlim, Goa 403724, India",4.6,151.0,ChIJ2Vmq7WqzvzsRMvABwbVSGcg,"church, place_of_worship, point_of_interest, establishment",Salcete (Margao),15.2208114,73.957465,,,"['historical', 'religious']"
Varca Beach,"6WRF+4FQ, Beach, Fatrade, Varca, Goa 403721, India",4.6,148.0,ChIJTZdY_DS1vzsRVovHOR5eyQM,"tourist_attraction, point_of_interest, establishment",Salcete (Margao),15.2403367,73.923747,,,['beaches']
Convent of Santa Monica and The Chapel of The Weeping Cross,"GW24+CXQ Monte Santo, Old Goa, Goa 403402, India",4.6,111.0,ChIJ1TGrOvK-vzsR97M1pNwn4yY,"tourist_attraction, place_of_worship, point_of_interest, establishment",Salcete (Margao),15.5009908,73.9073793,,,"['historical', 'religious']"
KA-GO Border Beach,"W32M+PVH, Loliem, Goa 403728, India",4.6,66.0,ChIJl9-1rQtdvjsREn9dtrSRftE,"tourist_attraction, point_of_interest, establishment,beach",Canacona,14.901806,74.0847427,,,['beaches']
Cola backwaters kayaking spot,"Cola Beach Rd, Canacona, Kola, Goa 403702, India",4.6,57.0,ChIJD4hhuDtPvjsR_Wfabyrh0oQ,"tourist_attraction, point_of_interest, establishment",Canacona,15.05696,73.9714593,,,"['adventure', 'beaches']"
Main Altar Of Church Of St. Augustine,"GW24+483, Old Goa, Goa 403402, India",4.6,48.0,ChIJXRkP7vG-vzsR4oOh-TTs0Zw,"point_of_interest, establishment",Salcete (Margao),15.5002558,73.9057977,,,"['historical', 'religious']"
Anjuna Beach,"Monteiro Vaddo, Anjuna, Goa 403509, India",4.6,41.0,ChIJb2Nex3jpvzsRkBsDLIIHGBE,"tourist_attraction, point_of_interest, establishment",Bardez (Mapusa),15.5761254,73.7403916,,,['beaches']
Candolim Beach Entry Gate,"573, Candolim Beach Rd, Candolim, Goa 403515, India",4.6,40.0,ChIJER7Qg7HBvzsRuBcwWRhOKv0,"tourist_attraction, point_of_interest, establishment",Bardez (Mapusa),15.5181114,73.7638247,,,['beaches']
Archdiocese of Goa & Daman,"Archbishop's House, Altinho, Panaji",4.6,33.0,ChIJUaDp2fK-vzsR-hP5gyIRAOc,"tourist_attraction, church, place_of_worship, point_of_interest, establishment",Tiswadi (Panaji),15.4917463,73.826237,,,"['historical', 'nature', 'religious']"
Ruins of Lakshmi Narayana Swamy Temple,"452V+P96, Vichundrem, Digali, Goa 403704, India",4.6,21.0,ChIJl5gSxGpWvjsRoE1V_M81zJk,"hindu_temple, place_of_worship, point_of_interest, establishment",Sanguem,15.1017751,74.1933999,,,"['historical', 'religious']"
Farmagudi Fort,"CX7Q+2PW, NH 4A, Donshiwado, Ponda, Bandiwada, Goa 403401, India",4.6,18.0,ChIJ__-_zvC6vzsRSPY1enbIgUw,"point_of_interest, establishment",Ponda,15.412509,73.9891553,,,"['fort', 'historical']"
Royal Chapel of St. Anthony,"Royal Chapel of St Antony, Old Goa, Goa 403402, India",4.6,16.0,ChIJ4TTwkvG-vzsR_nQNomX0_H8,"tourist_attraction, church, place_of_worship, point_of_interest, establishment",Salcete (Margao),15.5006988,73.9056926,,,"['historical', 'religious']"
"Indian National Flag, Aguada Fort","FQVF+6JF, Fort Aguada Rd, Aguada Fort Area, Candolim, Goa 403515, India",4.6,10.0,ChIJWwq-JwDBvzsRBcwj98mY6D0,"point_of_interest, establishment",Bardez (Mapusa),15.4929398,73.774347,,,"['fort', 'historical']"
Condy Fort,"6XGC+MPX, Sirlim, Devsua, Goa 403725, India",4.6,8.0,ChIJUdbhLgCzvzsRX99wRRZe8D0,"point_of_interest, establishment",Salcete (Margao),15.2265769,73.9720064,,,"['fort', 'historical']"
Palolem beach Mr Lucky Boat service,"Palolem, Canacona, Goa 403702, India",4.6,5.0,ChIJE5JEvypFvjsRkHpy_9BiESo,"tourist_attraction, point_of_interest, establishment",Canacona,15.010524,74.0225425,,,['beaches']
Basilica of Bom Jesus,"Old Goa Road, Old Goa, Goa 403402, India",4.5,66043.0,ChIJiQKbufK-vzsRuKcVn2hWgB4,"tourist_attraction, church, place_of_worship, point_of_interest, establishment,historical,religious",Salcete (Margao),15.5008429,73.9114097,,,"['historical', 'religious']"
Candolim Beach,"Candolim Beach Rd, Candolim, Goa 403515, India",4.5,42536.0,ChIJv9F7IjzBvzsR70r6HmyML_o,"tourist_attraction, point_of_interest, establishment,beach",Bardez (Mapusa),15.5179749,73.7626122,,,['beaches']
Baga Beach,"Tito's Ln, Baga, Calangute, Goa 403516, India",4.5,41273.0,ChIJwwC70xzqvzsRwtCdkhYXhE0,"point_of_interest, establishment,beach,nightlife",Bardez (Mapusa),15.5581911,73.7506843,,,"['beaches', 'nightlife']"
Sinquerim Fort,"FQX8+9GH, Candolim, Goa, India",4.5,18599.0,ChIJ2SyWw3XBvzsREmaXkve8H78,"tourist_attraction, point_of_interest, establishment,fort,historical",Bardez (Mapusa),15.4984466,73.7663559,,,"['fort', 'historical']"
Se Cathedral,"Old Goa, Goa 403402, India",4.5,6710.0,ChIJE0a0LfO-vzsR8JyKJEBHTMk,"tourist_attraction, church, place_of_worship, point_of_interest, establishment,religious,historical",Salcete (Margao),15.5035996,73.9122204,,,"['historical', 'religious']"
Hill Top Goa,"Hilltop, Ozran Beach Rd, near St. Michael's School, Vagator, Goa 403509, India",4.5,6599.0,ChIJDz2o1n7pvzsRlVYVpfwcGg0,"point_of_interest, establishment,nightlife",Bardez (Mapusa),15.5931968,73.7423909,,,"['beaches', 'nightlife']"
Majorda Beach,"Majorda Beach, Goa, India",4.5,6217.0,ChIJg8LF7u22vzsR2c7E-5SsnVs,"natural_feature, establishment, beach, peaceful, scenic, photography, relaxation",Salcete (Margao),15.3111553,73.9018114,,,"['beaches', 'peaceful', 'photography', 'relaxation', 'scenic']"
Vagator Beach Sunset Point,"JP2M+CFM, Vagator Beach Rd, Vagator, Goa 403509, India",4.5,5524.0,ChIJww0daCnpvzsR09UMQ9s7oFk,"tourist_attraction, point_of_interest, establishment",Bardez (Mapusa),15.601075,73.733682,,,"['beaches', 'photography']"
Butterfly Beach,"Butterfly Beach, Devalkajjan, Goa 403702, India",4.5,5209.0,ChIJ8YfoFopPvjsRJzVErf5JQok,"natural_feature, establishment",Canacona,15.0196019,74.001647,,,"['beaches', 'nature']"
Church of St. Francis of Assisi,"Off National Highway 4, Old Goa, Goa 403402, India",4.5,4807.0,ChIJ78JjO_O-vzsRRzk9_PvVgE0,"tourist_attraction, church, place_of_worship, point_of_interest, establishment,religious,historical",Salcete (Margao),15.5030158,73.911237,,,"['historical', 'religious']"
St. Augustine Tower,"Church of St. Augustine Ruins, Old Goa, Goa 403402, India",4.5,3868.0,ChIJ7YKn9fG-vzsRqG6gJbaQxPs,"tourist_attraction, point_of_interest, establishment,viewpoint,historical,religious",Salcete (Margao),15.5005094,73.9064616,,,"['historical', 'religious', 'scenic']"
"Sernabatim Beach, Colva","7W78+GQP, Colva, Benaulim, Goa 403708, India",4.5,2513.0,ChIJLVsgjRS0vzsRQl0jQVGvgJI,"tourist_attraction, point_of_interest, establishment, beach, relaxation, scenic, photography, peaceful",Salcete (Margao),15.2638375,73.9169531,,,"['beaches', 'peaceful', 'photography', 'relaxation', 'scenic']"
Ozran Beach,"Ozran Beach, Anjuna, Goa, India",4.5,2262.0,ChIJuyzTNnfpvzsRbeKRVdrY7wo,"natural_feature, establishment, beach, relaxation, scenic, nightlife",Bardez (Mapusa),15.593719,73.7344677,,,"['beaches', 'nightlife', 'relaxation', 'scenic']"
Butterfly Beach Goa,"2292+RMJ, Butterfly Beach Rd, Devalkajjan, Goa 403702, India",4.5,2000.0,ChIJe86NrwdPvjsRFvqcDwHvsqk,"tourist_attraction, point_of_interest, establishment,beach,nature",Canacona,15.0195801,74.001638,,,"['beaches', 'nature']"
Vagator Beach View,"HPXM+Q9F, Vagator, Goa 403509, India",4.5,1852.0,ChIJc5ouLHDpvzsR9nHjejLY4e4,"tourist_attraction, point_of_interest, establishment,beach,viewpoint",Bardez (Mapusa),15.5994407,73.7334125,,,"['beaches', 'scenic']"
Sunset Beach,"Sunset Beach, Goa, India",4.5,1735.0,ChIJ4evHw5O2vzsRl0btkGSiHIg,"natural_feature, establishment",Salcete (Margao),15.3012749,73.9049348,,,"['beaches', 'photography']"
Our Lady of Grace Church,"7XF5+9HM, Isidorio Baptista Rd, Pajifond, Madgaon, Goa 403601, India",4.5,1560.0,ChIJLZPlLeizvzsRtDw4-0Z1nns,"tourist_attraction, church, place_of_worship, point_of_interest, establishment,religious,historical",Salcete (Margao),15.273472,73.958916,,,"['historical', 'religious']"
Betalbatim Beach,"7WV5+464, Fatona, Betalbatim, Goa 403713, India",4.5,1431.0,ChIJyUH4oJm2vzsRfO9h7HYF6CE,"point_of_interest, establishment",Salcete (Margao),15.2927539,73.908082,,,['beaches']
Kaurati's Caves,"Unnamed Road, Aguada Fort Area, Candolim, Goa 403515, India",4.5,1204.0,ChIJnRktZeLBvzsR0FO3uIXpDqk,"tourist_attraction, point_of_interest, establishment",Bardez (Mapusa),15.4942477,73.7666941,,,"['fort', 'historical']"
Sea Queen Beach Resort & Spa,"96/5.5, Beach Road, Fatona, Colva, Betalbatim, Goa 403713, India",4.5,1108.0,ChIJOfwpabm3vzsRgPj1ugTS_JQ,"bar, spa, lodging, restaurant, point_of_interest, food, establishment",Salcete (Margao),15.2881587,73.9123698,,,"['beaches', 'food', 'nightlife']"
Utorda Beach,"8V9X+RCV, Utorda, Goa 403713, India",4.5,1015.0,ChIJFX_X4vq2vzsRD8vMc2kuQ8Q,"point_of_interest, establishment",Mormugao (Vasco),15.3196183,73.8985491,,,['beaches']
"Cabo View Point, Panjim","FQ5X+V23, Raj Bhavan Rd, Dona Paula Jetty, Panaji, Goa 403004, India",4.5,848.0,ChIJAZNVij_BvzsRdAHEnNaGR6o,"tourist_attraction, point_of_interest, establishment",Tiswadi (Panaji),15.4596433,73.7975451,,,"['beaches', 'scenic']"
Betul Beach,"Betul Beach, Mobor Beach, Goa, India",4.5,838.0,ChIJRb4XN2NMvjsRSIXR2ceIhxM,"natural_feature, establishment",Salcete (Margao),15.1464602,73.9481058,,,['beaches']
Polem Beach,"Polem Beach, Goa, India",4.5,821.0,ChIJzY0CZ15cvjsRF1OibJhH4VE,"natural_feature, establishment",Canacona,14.9083424,74.0818743,,,['beaches']
Carmona Beach,"Carmona Beach, Goa, India",4.5,819.0,ChIJVZpSmqm0vzsRI8XB5yFFocQ,"natural_feature, establishment",Salcete (Margao),15.2010731,73.9337777,,,['beaches']
Rajbag Beach,"Rajbag Beach, Goa, India",4.5,751.0,ChIJjfn2ZM5avjsRcWvuVzdlk_8,"natural_feature, establishment",Canacona,14.9850204,74.038458,,,['beaches']
"Our Lady of Good Hope Church, Candolim","GQ9G+5WW, Candolim, Goa 403511, India",4.5,655.0,ChIJj8rE_7vBvzsRoMEWGV1J-Nc,"tourist_attraction, church, place_of_worship, point_of_interest, establishment,religious,historical",Tiswadi (Panaji),15.5179909,73.777324,,,"['historical', 'religious']"
Aguada Rocky Beach,"Aguada Rocky Beach, Unnamed Rd, Aguada Fort Area, Candolim, Goa 403515, India",4.5,626.0,ChIJFWX6VHLBvzsRrtY68GrdDNA,"natural_feature, establishment",Bardez (Mapusa),15.4916426,73.7681518,,,"['beaches', 'fort', 'historical']"
St. Michael's Church,"Junction, Anjuna Beach Road, Bouta Waddo, Chapora, Anjuna, Goa 403510, India",4.5,614.0,ChIJtQOjQTPqvzsRK9oqbZt9oI0,"tourist_attraction, church, place_of_worship, point_of_interest, establishment",Bardez (Mapusa),15.5899919,73.7642162,,,"['beaches', 'religious']"
The Figueiredo Mansion,"Loutolim, Goa 403718, India",4.5,587.0,ChIJl4dvbvewvzsRIpK7JrHcKrI,"museum, lodging, point_of_interest, establishment",Salcete (Margao),15.3464604,73.979126,,,['historical']
Pebbles Beach,"3WPC+MVG, Kola, Canaguinim, Goa 403703, India",4.5,572.0,ChIJnTm8NW1JvjsRxn2viLfxvko,"tourist_attraction, park, point_of_interest, establishment, beach, peaceful, scenic, photography, relaxation",Canacona,15.0866772,73.9222132,,,"['beaches', 'nature', 'peaceful', 'photography', 'relaxation', 'scenic']"
Sernabatim Beach,"Sernabatim Beach, Goa, India",4.5,547.0,ChIJDTRXTxS0vzsR1ETHp5kr9GQ,"natural_feature, establishment",Salcete (Margao),15.2667239,73.9150395,,,['beaches']
Siridao Rock Beach,"CVP6+877, Siridao, Goa 403108, India",4.5,495.0,ChIJty0vRly5vzsR89Oss_mrsjU,"tourist_attraction, point_of_interest, establishment",Tiswadi (Panaji),15.435788,73.8606813,,,['beaches']
"St. Lawrence's Church, Sinquerim","FQVJ+HQ8, Aguada - Siolim Rd, near Aguada Fort, Sinquerim, Candolim, Goa 403515, India",4.5,492.0,ChIJTyDobA_BvzsRqBnIYAKyKVo,"tourist_attraction, church, place_of_worship, point_of_interest, establishment",Tiswadi (Panaji),15.4939002,73.7819478,,,"['fort', 'historical', 'religious']"
St. Diogo's Church,"Sangolda, Goa 403510, India",4.5,449.0,ChIJqSzzbY_qvzsRHhDqLOqL2iY,"church, place_of_worship, point_of_interest, establishment",Bardez (Mapusa),15.5614189,73.8034299,,,"['historical', 'religious']"
Gonsua Betalbatim Beach,"Pacheco Vaddo, Gansua, Betalbatim, Goa 403713, India",4.5,391.0,ChIJg5uysxq3vzsRO8TaBsR85ts,"tourist_attraction, point_of_interest, establishment",Salcete (Margao),15.3072064,73.9030586,,,['beaches']
Way To Palolem Beach,"226P+CG2, MDR49, Nagorcem, Canacona, Goa 403702, India",4.5,389.0,ChIJhaL1c65avjsRRD7QuD02P7w,"tourist_attraction, point_of_interest, establishment",Canacona,15.0110003,74.0362607,,,['beaches']
Chapel of St. Francis Xavier,"GW29+8M5, Old Goa, Goa 403402, India",4.5,340.0,ChIJL5VuzY--vzsRomHlFP3bsyI,"tourist_attraction, church, place_of_worship, point_of_interest, establishment",Salcete (Margao),15.5007503,73.9192267,,,"['historical', 'religious']"
Canaguinim Beach,"Canaguinim Beach, Canaguinim, Goa, India",4.5,338.0,ChIJHVpLy3RMvjsRguxvHH40oYs,"natural_feature, establishment",Salcete (Margao),15.1269262,73.9402071,,,['beaches']
Galeria de Arte da Basílica do Bom Jesus,"GW26+7GW, National Hwy 4A Bypass Rd, Old Goa, Goa 403402, India",4.5,329.0,ChIJW5wLvPK-vzsRcm-uEwdR0EI,"art_gallery, point_of_interest, establishment",Salcete (Margao),15.5008576,73.9113513,,,"['historical', 'religious']"
Varca Beach @ Club Mahindra Varca Beach Resort,"Club Mahindra Beach Resort, Beach, Fatrade, Varca, Goa 403721, India",4.5,295.0,ChIJL1ecGyW1vzsRd-2niHP2vwk,"tourist_attraction, lodging, point_of_interest, establishment",Salcete (Margao),15.2237671,73.9289228,,,"['beaches', 'nightlife']"
Goa The Village Agonda,"279/a dawalkhazen agonda Agonda beach road dawalkhazen agonda, Canacona, Goa 403702, India",4.5,265.0,ChIJzQbI6HVPvjsRUeyFZPkd-TM,"bar, lodging, restaurant, food, health, point_of_interest, establishment",Canacona,15.0471503,73.9851229,,,"['beaches', 'food', 'nightlife']"
Boho By The Beach,"Boho By The Beach, 1384/A, Teamwaddo Pernem, Morjim, Goa 403512, India",4.5,263.0,ChIJ22z3Yi7pvzsRZdq92PiJDlw,"lodging, health, point_of_interest, establishment",Pernem,15.6234773,73.732984,,,['beaches']
Colomb Beach,"Colomb Beach, Goa, India",4.5,237.0,ChIJ0ROleEtFvjsRqkMyxRepPu8,"natural_feature, establishment",Canacona,15.0026499,74.0271825,,,['beaches']
Francoise beach,"GQ67+JV3, Candolim, Goa 403515, India",4.5,220.0,ChIJQfjVvdbBvzsRMto7GRPLuBA,"tourist_attraction, point_of_interest, establishment",Bardez (Mapusa),15.5114419,73.7646301,,,['beaches']
Small Cola Beach,"Chota, Cola Beach, Kola, Goa 403511, India",4.5,218.0,ChIJr4Fm6uNOvjsRC329aus11sA,"tourist_attraction, point_of_interest, establishment",Pernem,15.0652079,73.9674837,,,"['beaches', 'shopping']"
Kalacha Beach,"Kalacha Beach, Goa, India",4.5,190.0,ChIJ20Jku7XvvzsRPk38pE7DnSw,"natural_feature, establishment",Pernem,15.6977812,73.6971985,,,['beaches']
Estátua de Jesus,"GW37+J6H, Old Goa, Goa 403402, India",4.5,144.0,ChIJUW7ot4y-vzsROtZKFppwIhI,"point_of_interest, establishment",Salcete (Margao),15.504073,73.9131182,,,['historical']
Church of Our Lady of the Rosary,"GW23+PX9, Old Goa, Goa 403402, India",4.5,127.0,ChIJ89dPoPG-vzsRpKOATjYJRvE,"church, place_of_worship, point_of_interest, establishment",Salcete (Margao),15.501778,73.9049807,,,"['historical', 'religious']"
South Goa Beach,"7WJ7+22, Fatona, Colva, Goa 403708, India",4.5,110.0,ChIJQe7CZFC1vzsRneBmVt-Em5k,"tourist_attraction, point_of_interest, establishment",Salcete (Margao),15.2796582,73.912281,,,['beaches']
"São Pedro Church, Goa","GV2W+4VH, Old Goa, Baingini, Goa 403402, India",4.5,91.0,ChIJ624yk_q-vzsRS1inwISMJ4Y,"tourist_attraction, church, place_of_worship, point_of_interest, establishment",Tiswadi (Panaji),15.5002292,73.8972411,,,"['historical', 'religious']"
Dudhsagar Watchtower,"8857+H9Q, Sonauli",4.5,59.0,ChIJCSnWIz8DvzsR5eMWjTFqWYI,"tourist_attraction, point_of_interest, establishment",Quepem,15.309264,74.3130526,,,['historical']
Church and Convent of St. John of God,"Monte Santo, Old Goa, Goa 403402, India",4.5,56.0,ChIJWbMUFfK-vzsRxQGL0-uPxFM,"tourist_attraction, church, place_of_worship, point_of_interest, establishment",Salcete (Margao),15.5007488,73.9078115,,,"['historical', 'religious']"
Japanese Beach,"CQ4P+PFM, Headland Sada, Vasco Da Gama, Mormugao, Goa 403804, India",4.5,37.0,ChIJlVnNLwDHvzsR2HLCAvOgE5w,"tourist_attraction, point_of_interest, establishment",Mormugao (Vasco),15.4059645,73.7863033,,,['beaches']
Aguada fort photoshoot point,"FQRF+QJR, Aguada Fort Area, Candolim, Goa 403515, India",4.5,32.0,ChIJayK1XwDBvzsROqDbHKhn5u0,"tourist_attraction, point_of_interest, establishment",Bardez (Mapusa),15.4916926,73.7739531,,,"['fort', 'historical', 'photography']"
Dragonfly Beach,"2294+8Q, Canacona, Chauri, Goa 403702, India",4.5,22.0,ChIJZ74AN0FFvjsRzdj0wEYZ5c4,"tourist_attraction, point_of_interest, establishment",Canacona,15.0182525,74.0069794,,,['beaches']
aivão creek,"FQ5X+VF6, Aivão Beach Rd, Caranzalem, Dona Paula, Panaji, Goa 403004, India",4.5,11.0,ChIJnRvRiQrBvzsRPkEINzhZkHU,"tourist_attraction, point_of_interest, establishment",Tiswadi (Panaji),15.4596692,73.7986398,,,['beaches']
Sada beach,"CQ4P+HJ3, Marmugao Port Trust Colony, Vasco Da Gama, Mormugao, Goa 403804, India",4.5,8.0,ChIJ73lVbwDHvzsRjcDsuc01CpM,"tourist_attraction, point_of_interest, establishment",Mormugao (Vasco),15.4063837,73.7865601,,,['beaches']
Praia da Luis e Cris / beach,"House No: 270, Neptune Point Colomb Beach, via, Palolem, Canacona, Goa 403702, India",4.5,6.0,ChIJ41Yv36dFvjsRXFiUkgGKvvw,"tourist_attraction, point_of_interest, establishment",Canacona,15.0022031,74.0283995,,,['beaches']
Calangute Beach,"Calangute Beach, Goa, India",4.4,29353.0,ChIJK-30SAHqvzsRF30lXa0vWcs,"natural_feature, establishment, beach, nightlife, shopping, scenic, water sports",Bardez (Mapusa),15.549441,73.7534857,,,"['adventure', 'beaches', 'nightlife', 'scenic', 'shopping', 'water sports']"
Cabo de Rama Fort,"3WQC+GJ8, Taluka Cabo da Rama, Canacona, Goa 403702, India",4.4,15290.0,ChIJy1w3MFFJvjsRW9cTbAchLdw,"tourist_attraction, point_of_interest, establishment,fort,historical",Canacona,15.0887849,73.9215933,,,"['fort', 'historical']"
Vagator Beach,"Vagator Beach, Anjuna, Goa, India",4.4,12983.0,ChIJrwFB_W7pvzsRAxuEMqa-5x8,"natural_feature, establishment",Bardez (Mapusa),15.6029835,73.733627,,,['beaches']
Archaeological Survey of India,"GW36+79H, Old Goa, Goa 403402, India",4.4,11103.0,ChIJk8ZOOfO-vzsRKrPdHNmlgSE,"museum, point_of_interest, establishment",Salcete (Margao),15.5031845,73.9109878,,,['historical']
Reis Magos Fort,"Nerul - Reis Margos Rd, beside three kings church, Bardez, Verem, Nerul, Goa 403109, India",4.4,11097.0,ChIJYeGT3PDAvzsRS8Ckp0KjgGs,"point_of_interest, establishment,fort,historical",Tiswadi (Panaji),15.4964204,73.8091839,,,"['fort', 'historical', 'nightlife', 'religious']"
The Southern Deck - Beach Bar & Bistro,"Near, Beach, Benaulim, Goa 403708, India",4.4,7079.0,ChIJjwB9emy0vzsRLgJZtqxrAEk,"restaurant, bar, point_of_interest, food, establishment",Salcete (Margao),15.2582826,73.9191702,,,"['beaches', 'food', 'nightlife']"
Beleza By The Beach,"Beach, Thondwaddo, Colva, Betalbatim, Goa 403713, India",4.4,5467.0,ChIJxx0huJi2vzsRCCzSzaoBTR4,"lodging, point_of_interest, establishment",Salcete (Margao),15.2908882,73.9117496,,,['beaches']
Mae De Deus Church,"GQWP+R47, Chogm Rd, Muddavaddi, Saligao, Goa 403511, India",4.4,3887.0,ChIJFbog2NfBvzsRlZ2Ry-UD8g0,"tourist_attraction, church, place_of_worship, point_of_interest, establishment,religious,historical",Bardez (Mapusa),15.5470308,73.7853113,,,"['historical', 'religious']"
Bogmalo Beach,"Bogmalo Beach, Bogmalo, Goa 403806, India",4.4,2435.0,ChIJWw10cf3HvzsRnMktzbQW5J0,"natural_feature, establishment",Mormugao (Vasco),15.3698038,73.8336358,,,['beaches']
Chhatrapati Shivaji Maharaj Fort छत्रपती शिवाजीचो किल्लो,"CX7Q+3MV, Donshiwado, Bandoda, Bandiwada, Goa 403401, India",4.4,1652.0,ChIJnVBfyvC6vzsRA1Clf2FdZ5E,"tourist_attraction, point_of_interest, establishment",Ponda,15.4127367,73.9891712,,,"['fort', 'historical']"
C’ Roque Beach Resort,"near Kentuckee Seafood Restaurant, Colva, Sernabatim, Goa 403708, India",4.4,1570.0,ChIJgS3f5Ba0vzsR2iJDWESF0fw,"lodging, point_of_interest, establishment",Salcete (Margao),15.2693915,73.9160508,,,"['beaches', 'food']"
Thalassa Beach Boutique Resort,"251/4 Village Mandrem, Taluka, Pernem, Ashvem, Goa 403512, India",4.4,1181.0,ChIJ35vRwdrvvzsRO2pDE6PEySM,"lodging, restaurant, food, point_of_interest, establishment",Pernem,15.6416115,73.7192854,,,"['beaches', 'food']"
Trinity Beach,"Trinity Beach, Benaulim, Goa 403716, India",4.4,1157.0,ChIJwZH0d2W0vzsRQLIaNRHudPU,"natural_feature, establishment",Salcete (Margao),15.2497911,73.9213693,,,['beaches']
"Viceroys Arch, Goa","Old Goa, Goa 403402, India",4.4,1143.0,ChIJrRLnXou-vzsRTmy-Yn5wi5A,"tourist_attraction, point_of_interest, establishment,historical",Salcete (Margao),15.5057585,73.9137064,,,['historical']
Church of Our Lady of Grace,"Old Goa, Goa 403402, India",4.4,1139.0,ChIJxapT8fG-vzsRv5zxNSl-WWI,"church, place_of_worship, point_of_interest, establishment",Salcete (Margao),15.5002453,73.9061058,,,"['historical', 'religious']"
S2 Beach Shack and Cottages,"Gawde Wada, Morjim, Ashvem Loto Beach, Goa 403512, India",4.4,1001.0,ChIJoV4QxcruvzsRCcyTzd4SrPE,"lodging, restaurant, food, point_of_interest, establishment",Pernem,15.6341112,73.7223019,,,"['beaches', 'food']"
Palm Grove Beach Resort,"Ashvem Beach, Mandrem, Goa 403527, India",4.4,890.0,ChIJAQAAAIzuvzsRl0tqGeguwkc,"lodging, point_of_interest, establishment",Pernem,15.647245,73.7169639,,,['beaches']
Palácio do Deão,"Church, Opposite Holy Cross, Quepem, Goa 403705, India",4.4,730.0,ChIJ2ZYd-yitvzsRyJPT1dp816c,"tourist_attraction, restaurant, food, museum, point_of_interest, establishment",Quepem,15.2135835,74.0736286,,,"['food', 'historical', 'religious']"
Buttress Of The Church Of Santa Monica,"GW24+9VR, Convent of Santa Monica,, Old Goa, Goa 403402, India",4.4,552.0,ChIJT-kKI_K-vzsRoSkEmd7AExU,"point_of_interest, establishment",Salcete (Margao),15.5009998,73.9071469,,,"['historical', 'religious']"
Honeymoon beach,"2XCX+P4, Agonda, Devalkajjan, Goa 403702, India",4.4,463.0,ChIJAaID1HZPvjsRpG_rt1HF_vo,"tourist_attraction, point_of_interest, establishment,beach",Canacona,15.0218547,73.9977915,,,['beaches']
Museum Of Christian Art,"Monte Santo (Holy Hill, next to St. Augustine Tower, Old Goa, Goa 403402, India",4.4,437.0,ChIJAQAAAIO-vzsRAl-vdrBfS3U,"museum, tourist_attraction, point_of_interest, establishment",Salcete (Margao),15.5011002,73.9069769,,,['historical']
St. Estevam Fort,"St Estevam, Jua, St Estevam Island, Goa 403106, India",4.4,399.0,ChIJq6pa8MG9vzsR7Ku-9sMcN1U,"tourist_attraction, point_of_interest, establishment",Ponda,15.5360191,73.9543531,,,"['fort', 'historical']"
Zalor Beach,"6W3M+JJG, Fatrade, Orlim, Goa 403721, India",4.4,359.0,ChIJNbd806e0vzsRx05ONjEW9Nk,"point_of_interest, establishment",Salcete (Margao),15.2040535,73.9340749,,,['beaches']
Vainguinim Beach,"Vainguinim Beach, Goa 403004, India",4.4,350.0,ChIJUw_oZjTHvzsRdEnG1K85mmg,"natural_feature, establishment",Mormugao (Vasco),15.4555962,73.8134175,,,['beaches']
Anjuna beach,"HPMP+QRQ, Dmello Vaddo, Anjuna, Goa 403509, India",4.4,261.0,ChIJ0RksR4PpvzsR_JmuqKSOBSg,"point_of_interest, establishment",Bardez (Mapusa),15.5844512,73.7371005,,,['beaches']
Rachol Historical Fort Gate,"Fr. Agnelo Rd, Rachol, Goa 403719, India",4.4,253.0,ChIJL8W_HpSxvzsRaq2Kt6ZU8x4,"tourist_attraction, point_of_interest, establishment",Salcete (Margao),15.3085464,74.000897,,,"['fort', 'historical']"
The Cross Of Basilica Bom Jesus,"GW26+9V7 Bom Jesus church, Ella, Old Goa, Goa 403402, India",4.4,252.0,ChIJw8S7tfK-vzsR5NDN4VhVNjg,"landmark, point_of_interest, establishment",Salcete (Margao),15.5009092,73.9121616,,,"['historical', 'religious']"
Anjuna sand Beach,"4241a, Calangute - Arpora Rd, Agar Vaddo, Prabhu wada, Calangute, Anjuna, Goa 403509, India",4.4,236.0,ChIJM8kiU6rrvzsRBj870doD4-E,"point_of_interest, establishment,beach,nature,nightlife",Pernem,15.5724968,73.7413421,,,"['beaches', 'nature', 'nightlife']"
Fort Aguda Beach Resort,"Umtta Vaddo, Calangute, Goa 403516, India",4.4,198.0,ChIJv6ZPU-LBvzsReAh985eXiYE,"lodging, point_of_interest, establishment",Bardez (Mapusa),15.5426013,73.762876,,,"['beaches', 'fort', 'historical']"
Anjuna Beach Sandsite,"monteiro wado, Anjuna, Goa 403509, India",4.4,181.0,ChIJD8n3tKjpvzsRcIZe_ycntKI,"lodging, point_of_interest, establishment",Pernem,15.5738534,73.7407517,,,['beaches']
Forte de Tiracol,"PMCM+X4, Querim, Goa 403524, India",4.4,170.0,ChIJgWvbrUvxvzsRcF-cwddaVZo,"point_of_interest, establishment",Bardez (Mapusa),15.7213968,73.6865637,,,"['fort', 'historical']"
Aguada View Point,"FQVM+953, Aguada Fort Area, Candolim, Goa 403515, India",4.4,168.0,ChIJSUuhlzHBvzsRzFgI7YQUpCU,"tourist_attraction, point_of_interest, establishment",Tiswadi (Panaji),15.493377,73.782929,,,"['fort', 'historical', 'scenic']"
Igreja de Nossa Senhora de Lourdes,"8WG7+2CJ, Utorda Beach Rd, Near, Seraulim Railway Station, Utorda, Goa 403713, India",4.4,145.0,ChIJAarbPd62vzsRmRDHG61rkt0,"church, place_of_worship, point_of_interest, establishment",Salcete (Margao),15.3250982,73.9135238,,,"['beaches', 'religious']"
Little Beach,"4W9R+C5W, Nakeri, Goa 403703, India",4.4,133.0,ChIJETKcN2FNvjsREyHB_IGxQ8g,"tourist_attraction, point_of_interest, establishment",Salcete (Margao),15.1186105,73.9404643,,,['beaches']
Siridao seashore,"CVJ6+2W6, Siridao, Goa 403108, India",4.4,117.0,ChIJi7O8aGO5vzsRVSySVra0fMU,"tourist_attraction, point_of_interest, establishment",Tiswadi (Panaji),15.4300495,73.8622689,,,['beaches']
Bogmalo beach,"9V82+W9, Dabolim, Bogmalo, Goa 403806, India",4.4,113.0,ChIJ7bvk4Ri3vzsRd3ebxCUBpG0,"tourist_attraction, point_of_interest, establishment",Salcete (Margao),15.3692522,73.8347112,,,['beaches']
Sankval Beach,"9VC8+4PM, Sancoale, Goa 403806, India",4.4,97.0,ChIJCykkqXy3vzsROgn8KsepF3Q,"tourist_attraction, point_of_interest, establishment",Mormugao (Vasco),15.3703384,73.8667957,,,['beaches']
Vagator Beach Cross,"HPXM+R2W, Bardez, Anjuna, Goa, India",4.4,74.0,ChIJ1RrC1nHpvzsRC-6IN8mKVNc,"point_of_interest, establishment",Bardez (Mapusa),15.5996173,73.7325904,,,"['beaches', 'nightlife']"
Little Vagator Beach,"HPVM+9RF, Ozran Beach, Small, near Vishwas Restaurant, Vagator, Goa 403509, India",4.4,57.0,ChIJ6ZnRqarpvzsRP9QN6TdJnbk,"tourist_attraction, point_of_interest, establishment",Bardez (Mapusa),15.5932924,73.7341937,,,"['beaches', 'food', 'shopping']"
Pandolim beach,"7WP6+8CQ, Fatona, Colva, Goa 403708, India",4.4,52.0,ChIJQekDis-3vzsRBExkLpSmI7M,"point_of_interest, establishment",Salcete (Margao),15.2857776,73.9102663,,,['beaches']
Valor Beach,"9V7H+79, Consua, Goa 403712, India",4.4,33.0,ChIJ666TNqG3vzsRA-sPd0TohsU,"tourist_attraction, point_of_interest, establishment",Mormugao (Vasco),15.363175,73.8783893,,,['beaches']
Vagator beach Goa india,"Vagator, Anjuna, Goa 403509, India",4.4,30.0,ChIJj20T8_3pvzsRxe68CHW8xFw,"tourist_attraction, point_of_interest, establishment,beach",Bardez (Mapusa),15.587991,73.7345501,,,['beaches']
PALOLEM BEACH MANGROVE FOREST,"2289+82, Canacona, Goa, India",4.4,28.0,ChIJdZbyNbFFvjsR_c8vzqieQL0,"tourist_attraction, point_of_interest, establishment",Canacona,15.0158338,74.0175332,,,"['beaches', 'nature']"
Marjoram beach,"JPPC+3QF, Pernem, Gawde Vaddo, Morjim, Goa 403512, India",4.4,22.0,ChIJC6KWU_jvvzsRvpDEHPyr5-w,"tourist_attraction, point_of_interest, establishment",Pernem,15.634123,73.722051,,,['beaches']
Chandor fort,"7354+62V, Cotta Chandor Goa, Kantivaddo Ravora, Chandor, Guirdolim, Goa 403714, India",4.4,10.0,ChIJzdTxVOStvzsR9srFXvoRiYc,"point_of_interest, establishment",Sanguem,15.2581211,74.0550595,,,"['fort', 'historical']"
"Calangute Beach, Goa","Calangute Beach Rd, Umtav Vado, Calangute, Goa 403516, India",4.3,100672.0,ChIJgQ9KpXTrvzsRccrngLKJ-bM,"tourist_attraction, point_of_interest, establishment,beach",Bardez (Mapusa),15.5447206,73.754669,,,['beaches']
Deltin Royale,"Fisheries Jetty Fisheries Building, Dayanand Bandodkar Marg, Patto Colony, Panaji, Goa 403001, India",4.3,30877.0,ChIJd1UvU43AvzsRbZivinLpPlA,"casino, tourist_attraction, point_of_interest, establishment",Tiswadi (Panaji),15.5016184,73.8274399,,,"['beaches', 'nightlife']"
Colva Beach,"Colva Beach, Goa, India",4.3,11483.0,ChIJo3Ithhi0vzsRNQmtLCAb3rU,"natural_feature, establishment, beach, relaxation, water sports, scenic",Salcete (Margao),15.2805316,73.9119945,,,"['adventure', 'beaches', 'relaxation', 'scenic', 'water sports']"
Velsao Beach,"9V3M+QG9, Consua, Goa 403712, India",4.3,4971.0,ChIJY6h2EJ-3vzsRB_haiJ7F51w,"tourist_attraction, point_of_interest, establishment,beach",Mormugao (Vasco),15.3544232,73.8838637,,,['beaches']
La Cabana Beach & Spa,"Ashvem Beach, Ashvem Wada, Mandrem, Goa 403527, India",4.3,4568.0,ChIJPw4jycjuvzsRB9S1HRzbLZ8,"lodging, point_of_interest, establishment",Pernem,15.6428474,73.7203813,,,['beaches']
Dolphin Point,"Fort Aguada Rd, Aguada Fort Area, Candolim, Goa 403515, India",4.3,4270.0,ChIJ78Pnrg7BvzsRDdqimlbAw_c,"tourist_attraction, point_of_interest, establishment,viewpoint",Tiswadi (Panaji),15.4972198,73.781824,,,"['fort', 'historical', 'scenic']"
Goa Water Sports Activities and Boat Tours,"near Carvalho's Bar & Restaurant Old Petrol Pump, Calangute, Goa 403516, India",4.3,4234.0,ChIJuT9rLsHrvzsRdSNYqdI0qUQ,"travel_agency, school, point_of_interest, establishment,adventure",Bardez (Mapusa),15.5450466,73.7625115,,,"['adventure', 'food', 'historical', 'nightlife', 'water sports']"
Fort Tiracol Goa,"Taluka, Pernem, Tiracol, Goa 403524, India",4.3,3778.0,ChIJp9s4gCfwvzsRMv-zSTSCEVY,"lodging, point_of_interest, establishment,fort",Bardez (Mapusa),15.7213751,73.686522,,,"['fort', 'historical']"
Three Kings Chapel,"9W62+679, Muder, Cansaulim, Consua, Goa 403712, India",4.3,3020.0,ChIJE-lpKHC3vzsRDHehd03s_ik,"tourist_attraction, church, place_of_worship, point_of_interest, establishment,religious,historical",Salcete (Margao),15.3605246,73.9007519,,,"['historical', 'religious']"
Fort Aguada Lighthouse,"FQRF+RJG, Aguada - Siolim Rd, Sinquerium, Candolim, Aguada Fort Area, Goa, Candolim, Goa 403515, India",4.3,2481.0,ChIJTbWbIA3BvzsR-QwVIsn68-Y,"tourist_attraction, point_of_interest, establishment,viewpoint",Bardez (Mapusa),15.4920574,73.7740664,,,"['fort', 'historical', 'scenic']"
Montego Bay Beach Village - Beach Resort In North Goa,"Vithaldas Waddo, Morjim, Goa 403512, India",4.3,2127.0,ChIJZ1Sh30vpvzsRn02K543oOMU,"bar, lodging, restaurant, food, point_of_interest, establishment",Pernem,15.6279066,73.7285128,,,"['beaches', 'food', 'nightlife']"
Shiva's Face,"HPRM+XGJ Ozran Beach, Vagator, Goa 403509, India",4.3,1427.0,ChIJXZmiGnfpvzsRHiMVouy_NnE,"tourist_attraction, point_of_interest, establishment,viewpoint",Bardez (Mapusa),15.5924547,73.7337776,,,"['beaches', 'scenic']"
Goa Science Centre & Planetarium,"Marine Highway, Miramar, Panaji, Goa 403001, India",4.3,953.0,ChIJdeIJ_cLAvzsRv6JHTO2XsUI,"tourist_attraction, museum, point_of_interest, establishment",Tiswadi (Panaji),15.4774432,73.8089382,,,['historical']
Archaeological Museum of Goa,"GW36+797, behind Se Cathedral, Old Goa, Goa 403402, India",4.3,935.0,ChIJkRYoGPO-vzsRJtAbk3TQPEc,"tourist_attraction, museum, point_of_interest, establishment,historical",Salcete (Margao),15.503157,73.9109342,,,"['historical', 'religious']"
Candolim Beach Water Sports,"Candolim Rd, Candolim, Calangute, Goa 403516, India",4.3,934.0,ChIJB9aW60rBvzsRh8LHIhKk6fM,"school, travel_agency, store, point_of_interest, establishment,adventure",Bardez (Mapusa),15.5333171,73.7621735,,,"['adventure', 'beaches', 'shopping', 'water sports']"
Seashells beach,"Siridao, Goa 403108, India",4.3,742.0,ChIJhaMrnGi5vzsROP4xHUOrXxk,"tourist_attraction, point_of_interest, establishment",Tiswadi (Panaji),15.4357505,73.8605905,,,['beaches']
Callgunte Beach,"Callgunte Beach, Near Calangute Beach, Calangute, Goa 403516, India",4.3,640.0,ChIJTYXuY_3BvzsRq4_IXSwnlic,"natural_feature, establishment",Bardez (Mapusa),15.5446641,73.7576483,,,['beaches']
Nuem Beach,"4W7P+2C9, Canaguinim, Goa, India",4.3,593.0,ChIJG1f1hPhLvjsR25vn_7pOw6M,"tourist_attraction, point_of_interest, establishment",Salcete (Margao),15.1125435,73.9361214,,,['beaches']
Baina Beach Sunset Point,"Ground floor, Menezes Souza Building, near Sanjivani Hospital, Baina, Vasco Da Gama, Mormugao, Goa 403802, India",4.3,568.0,ChIJv_vJElTHvzsR1UCX6rUIL4k,"tourist_attraction, point_of_interest, establishment",Mormugao (Vasco),15.3946396,73.8046205,,,"['beaches', 'photography']"
Aguada rocky Beach,"FQVH+43H, Goa 403001, India",4.3,501.0,ChIJk0OIhg7BvzsRy2mHWZCVDDY,"tourist_attraction, point_of_interest, establishment,beach",Bardez (Mapusa),15.4928118,73.7777471,,,['beaches']
Miramar Beach,"Miramar Cir, Miramar, Panaji, Goa 403002, India",4.3,484.0,ChIJRf6dutzAvzsRkvcEmavoYpo,"point_of_interest, establishment",Tiswadi (Panaji),15.4760717,73.8066496,,,['beaches']
Soneca Cola Beach Resort,"Cola Beach Rd, behind cola, Canacona, Kola, Goa 403702, India",4.3,481.0,ChIJ7V_1IP1PvjsRxC9dEyeFMwQ,"lodging, restaurant, point_of_interest, food, establishment",Canacona,15.0609485,73.9701669,,,"['beaches', 'food']"
Fernandes Heritage House,"Fort Area Salcette, Cotta Diasvaddo, Chandor, Guirdolim, Goa 403714, India",4.3,367.0,ChIJVd1h6pitvzsRpMu8Fjh2Paw,"tourist_attraction, point_of_interest, establishment",Sanguem,15.2558395,74.0518574,,flag,"['fort', 'historical']"
Siridao Beach View,"CVR5+VP9, Tiswadi, Siridao, Goa 403108, India",4.3,294.0,ChIJ9RqAKby4vzsRUVLFLojS6gM,"tourist_attraction, point_of_interest, establishment",Tiswadi (Panaji),15.4421588,73.8593677,,,"['beaches', 'scenic']"
Grandmother's Hole Beach,"Grandmother's Hole Beach, Goa, India",4.3,270.0,ChIJM8Wr1VbGvzsRYf0ap71yeoo,"natural_feature, establishment",Salcete (Margao),15.4049801,73.7865791,,,['beaches']
Cansaulim Beach,"8VVQ+QGQ, Cansaulim, Goa 403712, India",4.3,232.0,ChIJi07fkKC3vzsRbodJKvUTgSQ,"tourist_attraction, point_of_interest, establishment",Salcete (Margao),15.3444647,73.8888727,,,['beaches']
Hansa Beach,"Hansa Beach, Vasco Da Gama, Goa, India",4.3,194.0,ChIJs18hiNzHvzsRbzenwLDrX9M,"natural_feature, establishment",Mormugao (Vasco),15.3761369,73.8137851,,,['beaches']
Capela de Santa Catarina de Alexandria,"GW36+953, Old Goa, Goa 403402, India",4.3,178.0,ChIJNcH7EPO-vzsRl1RKlSloJoI,"tourist_attraction, church, place_of_worship, point_of_interest, establishment,historical,religious",Salcete (Margao),15.503375,73.910435,,,"['historical', 'religious']"
Dolphin View Point,"FQQ8+FX7, Unnamed Road, Aguada Fort Area, Candolim, Goa 403515, India",4.3,132.0,ChIJrYOizHLBvzsRFGafpsTaR7o,"tourist_attraction, point_of_interest, establishment",Bardez (Mapusa),15.4886642,73.767433,,,"['fort', 'historical', 'scenic']"
Old Market Circle Clock Tower,"Margao - Ponda Hwy, Gawli Wada, Fatorda, Madgaon, Goa 403601, India",4.3,117.0,ChIJbckqcSmzvzsRCrTAlx_p9XM,"tourist_attraction, point_of_interest, establishment",Salcete (Margao),15.2835176,73.9568694,,,"['food', 'historical', 'shopping']"
Ancient Kadamba Shri Shiva Temple/ Nandi Bull,"7353+6XW, Cotta Chandor Goa, Kantivaddo Ravora, Chandor, Guirdolim, Goa 403714, India",4.3,92.0,ChIJ28ip8qKtvzsRlPcMLNDkz-E,"hindu_temple, place_of_worship, point_of_interest, establishment",Sanguem,15.258105,74.0549473,,,"['historical', 'nature', 'religious']"
Dona Paula Jetty Goa,"Dona Paula Jetty, Panaji, Goa 403004, India",4.3,85.0,ChIJNdY4U7nHvzsRfURbu9Uwoq4,"tourist_attraction, point_of_interest, establishment,viewpoint",Tiswadi (Panaji),15.4505614,73.8036167,,,"['beaches', 'scenic']"
Mill Stones of Gun Powder Factory,"GW36+43Q, Old Goa, Goa 403402, India",4.3,47.0,ChIJh0e2BPO-vzsReWmKgvI50V0,"point_of_interest, establishment",Salcete (Margao),15.5028285,73.9102318,,,['historical']
Reis Magos Fort Reception,"FRW5+VVP, Reis Magos, Verem, Goa 403109, India",4.3,20.0,ChIJHRjEbADBvzsRXU5We58fXGY,"point_of_interest, establishment",Tiswadi (Panaji),15.4972469,73.8094017,,,"['fort', 'historical']"
Nanuz Fort,"G46M+RX3, Birondem VP, Nanuz, Goa 403506, India",4.3,15.0,ChIJ1SRNWCihvzsRFgMn8LWWgpE,"point_of_interest, establishment",Sattari (Valpoi),15.5120017,74.1349164,,,"['fort', 'historical']"
Cola BEACH,"3X4C+FW4, Cola Beach Rd, Kola, Goa 403702, India",4.3,12.0,ChIJE5zySQBPvjsRQwQQfA_mt6I,"tourist_attraction, point_of_interest, establishment",Canacona,15.0561288,73.9723403,,,['beaches']
Palolem,"226C+VG5, Inside of Palolem Beach Resort, Palolem, Canacona - Goa Cancona, Palolem, Canacona, Goa 403702, India",4.3,7.0,ChIJJafqPTlFvjsR6D6gcWgoETM,"tourist_attraction, point_of_interest, establishment",Canacona,15.012134,74.02137,,,['beaches']
Sonshe mine mini beach,"G3J5+5F3, Pissurle",4.3,3.0,ChIJKaWgLgCjvzsR4uNz22DJObw,"tourist_attraction, point_of_interest, establishment",Bicholim,15.5303923,74.0586595,,,['beaches']
Fort Aguada,"Fort Aguada Rd, Aguada Fort Area, Candolim, Goa 403515, India",4.2,106573.0,ChIJa72MxnXBvzsRHHtpszB2g6M,"tourist_attraction, point_of_interest, establishment,fort,historical",Bardez (Mapusa),15.4922519,73.7737462,,,"['fort', 'historical']"
Chapora Fort,"Chapora Fort Trail, Vagator, Anjuna, Goa 403509, India",4.2,24749.0,ChIJ56FVYsbpvzsRB6GFWwDiCzc,"point_of_interest, establishment,fort,historical",Bardez (Mapusa),15.6046375,73.7369631,,,"['fort', 'historical']"
Houses of Goa Museum,"House No, 674, Torda, near Nisha's Play School, Alto Porvorim, Salvador du Mundu, Penha de Franc, Goa 403521, India",4.2,3706.0,ChIJAxaYkwrAvzsRMoGzIYj2STg,"museum, cafe, tourist_attraction, book_store, point_of_interest, food, store, establishment",Tiswadi (Panaji),15.5303209,73.8406749,,,"['food', 'historical', 'shopping']"
Goa Chitra Museum,"H.No. 498, near Auxilium High School, Pulvaddo, Benaulim, Goa 403716, India",4.2,3069.0,ChIJ-5PLmPSzvzsRqBoUBZmqYm4,"tourist_attraction, art_gallery, museum, point_of_interest, establishment",Salcete (Margao),15.2648991,73.9413364,,,['historical']
Baina Beach,"9RR4+JPM, Beach, Baina, Mormugao, Goa 403802, India",4.2,2322.0,ChIJn9jM-MjHvzsR9KTwwkmmR8E,"point_of_interest, establishment",Mormugao (Vasco),15.3915832,73.8068001,,,['beaches']
Azad Maidan,"GR2G+2FW, MG Road, near Head Quarters, Opposite Azad Maidan, Ozari, Panaji, Goa 403001, India",4.2,1824.0,ChIJf9whPInAvzsR6nE1kxWvW1Y,"tourist_attraction, park, point_of_interest, establishment,viewpoint,historical",Tiswadi (Panaji),15.500124,73.8261919,,,"['historical', 'nature', 'scenic']"
Salcete Beach Resort,"7WH7+GXF, Salcete Beach Resort, 3rd Ward, Colva Beach Rd, Fatona, Colva, Goa 403708, India",4.2,1222.0,ChIJFTfgJlK1vzsRc8Yo-O2127Y,"lodging, point_of_interest, establishment",Salcete (Margao),15.2818475,73.9150829,,,['beaches']
Hollant Beach,"Hollant Beach, Dabolim, Goa 403806, India",4.2,788.0,ChIJZQCkofW3vzsRynAlDHSbosk,"natural_feature, establishment",Mormugao (Vasco),15.3698695,73.8619695,,,['beaches']
Uddo Beach,"JQC2+2F, Unnamed Road, 403517, Kudal, Siolim, Goa 403517, India",4.2,714.0,ChIJzZriTOLrvzsR1b9GVIihz0g,"tourist_attraction, point_of_interest, establishment,beach",Pernem,15.6208175,73.7498994,,,['beaches']
Cocos Beach Resort,"Mohan bhag, Beach, Mohanbagh, Palolem, Canacona, Goa 403702, India",4.2,682.0,ChIJL3vHrz5FvjsRi3G6CoAczGo,"lodging, point_of_interest, establishment",Canacona,15.0080706,74.0258535,,,['beaches']
Casa Araujo Alvares,"Loutolim, Goa 403718, India",4.2,230.0,ChIJQeTU91SwvzsR8j8HamK5f4U,"museum, point_of_interest, establishment",Salcete (Margao),15.3395692,73.9864543,,,['historical']
Fontainhas old quarter,"E-212, Rua 31 de Janeiro, Fontainhas (quarter), Altinho, Panaji, Goa 403001, India",4.2,206.0,ChIJgxIsopzBvzsRCUcyNtt81KI,"tourist_attraction, point_of_interest, establishment",Tiswadi (Panaji),15.4955933,73.8314762,,,['historical']
Palacete Rodrigues - Heritage Holiday Mansion,"H.no, 1131, Bardez, Mazal Waddo, Anjuna, Goa 403509, India",4.2,174.0,ChIJX-9hTynqvzsRsFDhRJXbSFA,"bar, lodging, restaurant, food, point_of_interest, establishment",Bardez (Mapusa),15.5834853,73.753063,,,"['food', 'historical', 'nightlife']"
Bambolim Beach,"CVX2+RQR, Bambolim, Goa 403206, India",4.2,109.0,ChIJb-oRWo25vzsRYL3u1Oyxe_M,"tourist_attraction, point_of_interest, establishment,beach",Tiswadi (Panaji),15.4496162,73.8518753,,,['beaches']
Baga beach,"Baga beach, Calangute - Mapusa Rd, Nagva, Saligao, Goa 403516, India",4.2,103.0,ChIJtVyLxm_qvzsRKbczJzzDfGY,"natural_feature, establishment",Bardez (Mapusa),15.5592353,73.7810841,,,['beaches']
Quegdevelim Beach,"FRW4+9MQ, Mandovi River, Reis Magos, Goa 403001, India",4.2,96.0,ChIJKSK3n_DAvzsR4MfzMrEHbGE,"tourist_attraction, point_of_interest, establishment",Tiswadi (Panaji),15.4959536,73.806726,,,['beaches']
Goa Best Beach Accommodation,"Goa Best Beach Accommodation, Palolem, Canacona, Goa 403702, India",4.2,84.0,ChIJVzFukFFFvjsRbm9h-6Jb93A,"natural_feature, establishment",Canacona,15.0095819,74.0235293,,,['beaches']
Raj Durga Heritage,"9XRX+JF6, Ponda - Panaji Rd, Khadpabandh, Vasco Da Gama, Ponda, Goa 403401, India",4.2,29.0,ChIJnxH9bpq6vzsRJP3xxIOYu6c,"point_of_interest, establishment",Ponda,15.3915265,73.998641,,,['historical']
Krishi Setu,"GWCW+3FQ, Near Govnali bridge, Marcel, Old Goa Road, Madapai, Ponda, Goa 403106, India",4.2,21.0,ChIJ-c1HcgC_vzsRCncr2Zugj00,"tourist_attraction, point_of_interest, establishment",Ponda,15.5202216,73.9462324,,,['historical']
Blue Lagoon Beach cola,"3X4C+RM7, Cola Beach Rd, Kola, Goa 403702, India",4.2,12.0,ChIJZ1vqOgBPvjsRklMoMVbIxCo,"tourist_attraction, point_of_interest, establishment",Canacona,15.0570292,73.9716718,,,['beaches']
Dona Paula View Point,"Dona Paula Jetty, Road, Dona Paula, Panaji, Goa 403004, India",4.1,47583.0,ChIJtW8AjS7HvzsRnnAZoefYMAg,"tourist_attraction, point_of_interest, establishment,viewpoint,sunset",Tiswadi (Panaji),15.4506125,73.8029961,,,"['beaches', 'photography', 'scenic']"
Casino Pride,"Captain Of Ports Jetty, Casino Pride, Panaji, Goa 403001, India",4.1,17952.0,ChIJAQAAAJTAvzsRP4-RtdRQHng,"casino, tourist_attraction, night_club, bar, point_of_interest, establishment",Tiswadi (Panaji),15.5014739,73.8278952,,,"['beaches', 'nightlife']"
Big Foot Goa,"Cross Museum, Main Road, Salcete District, Loutolim, Goa 403718, India",4.1,8442.0,ChIJQeTU91SwvzsR4cJQMV5lu8c,"museum, art_gallery, tourist_attraction, point_of_interest, establishment,historical",Salcete (Margao),15.339727,73.9868803,,,['historical']
Mangrove Boardwalk,"Patto Centre, Panaji, Goa 403001, India",4.1,1224.0,ChIJ2cM03_jBvzsRXI4bnE6otDM,"museum, park, point_of_interest, establishment",Tiswadi (Panaji),15.4936894,73.8325406,,,"['historical', 'nature']"
Arvalem Caves,"H23F+267, Rudreshwar Colony, Harvale, Goa 403505, India",4.1,1092.0,ChIJoSA1F069vzsR_Nv7L4B_vNw,"tourist_attraction, point_of_interest, establishment,nature,caves,historical",Sattari (Valpoi),15.552527,74.0230428,,,"['historical', 'nature']"
Dolphin Adventures Goa (Sinquerim Jetty),"Fort aguada road sinquerim jetty candolim, Panaji, Goa 403515, India",4.1,671.0,ChIJIz69SNrBvzsRE5i32ju2Ays,"travel_agency, point_of_interest, establishment,adventure",Tiswadi (Panaji),15.4972169,73.7818865,,,"['adventure', 'beaches', 'fort', 'historical']"
Malson Shoes,"Souza Towers, opposite Garcia de Orta Garden, next to Petisco, Near Panjim Church, Altinho, Panaji, Goa 403001, India",4.1,600.0,ChIJQ-Iqz4jAvzsRuj6Z94O3VjI,"tourist_attraction, park, point_of_interest, establishment",Tiswadi (Panaji),15.4997434,73.8282138,,,"['historical', 'nature', 'religious']"
Chapora Beach,"Chapora Beach, Chapora, Goa, India",4.1,552.0,ChIJ01ErhWbpvzsRnEzT0GMVjh8,"natural_feature, establishment",Bardez (Mapusa),15.606325,73.7402468,,,['beaches']
Aguad Port & Jail Complex,"Parking, Aguada Fort, Aguada - Siolim Rd, Aguada Fort Area, Candolim, Goa 403515, India",4.1,523.0,ChIJIdHV6h3BvzsRcWh-MTFt5S4,"tourist_attraction, art_gallery, museum, restaurant, food, point_of_interest, establishment",Bardez (Mapusa),15.4926341,73.7771255,,flag,"['food', 'fort', 'historical', 'nature']"
Alorna Fort,"PW24+35C, Alorna, Goa 403503, India",4.1,339.0,ChIJGZUMw06SvzsRD4ROWUW0Vr0,"tourist_attraction, point_of_interest, establishment",Bardez (Mapusa),15.7001787,73.9053878,,,"['fort', 'historical']"
Haatkatro Khamb,"Ella, Old Goa, Goa 403402, India",4.1,238.0,ChIJ1V6apJK-vzsR3seZXsRBSvc,"tourist_attraction, point_of_interest, establishment",Salcete (Margao),15.4992048,73.9135309,,,['historical']
Adil Shah Palace Gateway,"Near Divar Jetty Old Goa, Mandrem, Goa 403402, India",4.1,167.0,ChIJrUMKXou-vzsRG2SLL5cWces,"tourist_attraction, point_of_interest, establishment,historical",Salcete (Margao),15.5056312,73.9140955,,,"['beaches', 'historical']"
Vasco Clock Tower,"Muncipal Market, Vaddem, Vasco Da Gama, Goa 403802, India",4.1,120.0,ChIJ3X-jDrrHvzsRA4RuAi7OVYE,"tourist_attraction, museum, point_of_interest, establishment",Tiswadi (Panaji),15.3965513,73.8106686,,,"['food', 'historical', 'shopping']"
Kegdole Beach,"Kegdole Beach, Goa, India",4.1,90.0,ChIJD3_kY_7AvzsRtCKhhrfR8TU,"natural_feature, establishment",Bardez (Mapusa),15.4986227,73.796598,,,['beaches']
Xandrem Beach,"Xandrem Beach, Goa, India",4.1,65.0,ChIJKUVRlVtbvjsRLyO4EGoiBWc,"natural_feature, establishment",Canacona,14.9386335,74.0459854,,,['beaches']
Varunapuri Beach,"9RJ5+44Q, Varunapuri, Mormugao, Goa 403802, India",4.1,52.0,ChIJPwQ3aLPHvzsRTr6U3_ecIh8,"tourist_attraction, point_of_interest, establishment",Mormugao (Vasco),15.3803477,73.8078643,,,['beaches']
maharaja dipaji rane's fort,"H284+PP8, Zariwada Vithallapur, Vithallapur, Sanquelim, Karapur, Goa 403505, India",4.1,30.0,ChIJ41L7g-CXvzsR18Ty6YoD0_0,"point_of_interest, establishment",Bicholim,15.5667848,74.0068242,,,"['fort', 'historical']"
"Museum of Goa, MOG","79, Estate, Pilerne Industrial Estates, Pilern, Goa 403511, India",4.0,8746.0,ChIJsz_IVjXAvzsRKB-KUSodijs,"cafe, art_gallery, food, museum, point_of_interest, establishment",Tiswadi (Panaji),15.525516,73.795263,,,"['food', 'historical']"
Majestic Pride Casino,"Majestic Pride Jetty at River Mandovi Near District And Sessions Court, 27, Rua 31 de Janeiro, Altinho, Panaji, Goa 403001, India",4.0,6939.0,ChIJjegsF0jBvzsRndaK4QiTcYY,"casino, lodging, restaurant, food, point_of_interest, establishment,nightlife",Tiswadi (Panaji),15.5004674,73.8316279,,,"['beaches', 'food', 'nightlife']"
Coco Beach,"FQXQ+XF2 Mainavaddo, Nerul - Reis Margos Rd, Goa 403114, India",4.0,6305.0,ChIJR_pxNAfBvzsRhAqjag8OtdY,"point_of_interest, establishment",Tiswadi (Panaji),15.4998804,73.7886544,,,['beaches']
Azaya Beach Resort Goa,"336/0, Village Calwaddo, Benaulim, Goa 403716, India",4.0,3253.0,ChIJCWQ_dpK-vzsR3p7Sr3HqPqQ,"spa, lodging, point_of_interest, establishment",Salcete (Margao),15.2410414,73.9273839,,,['beaches']
Ulta Pulta Museum,"UMIA QUATRO B, 5, Airport Rd, Green Valley, Dabolim, Ijorshi, Goa 403711, India",4.0,1120.0,ChIJG72jTQC5vzsR2st1JNppuI8,"museum, point_of_interest, establishment",Mormugao (Vasco),15.3870509,73.8452905,,,['historical']
San Thome Museum Back in Time,"Dabolim - Cavelossim Rd, Chadwado, Varca, Goa 403721, India",4.0,634.0,ChIJydtqTn-zvzsRWQIc9YRezQ8,"museum, tourist_attraction, point_of_interest, establishment",Salcete (Margao),15.2398339,73.941495,,,['historical']
"Kings Casino, Goa","Noah's Ark, RND Jetty, Dayanand Bandodkar Road, Panaji",4.0,343.0,ChIJBzL7FYbAvzsRLuvR1UiqR7c,"casino, tourist_attraction, point_of_interest, establishment",Tiswadi (Panaji),15.5003534,73.8318225,,,"['beaches', 'nightlife']"
The Our Lady On The Mount Chapel,"GW3F+R9, Old Goa, Goa 403110, India",4.0,129.0,ChIJOZ0xvOS_vzsRwQVuIXvcIxo,"tourist_attraction, point_of_interest, establishment",Bicholim,15.5044718,73.9233285,,,"['historical', 'religious']"
Majestic Pride Jetty 1,"Ferry, Alto- Betim Porvorim, Panaji, Goa 403001, India",4.0,118.0,ChIJeUg28gTBvzsRYlIkhb3VGCE,"tourist_attraction, point_of_interest, establishment",Tiswadi (Panaji),15.5012964,73.8256892,,,['beaches']
Dolphin Boat trip and kayaking,"beach, Palolem, Canacona, Goa 403702, India",4.0,52.0,ChIJ7RmQzOFFvjsRij98A3qs2rA,"tourist_attraction, point_of_interest, establishment",Canacona,15.0114217,74.0213312,,,"['adventure', 'beaches']"
Sankhali Fort,"H274+FRH, Market Rd, Desai Nagar, Sanquelim, Goa 403505, India",4.0,9.0,ChIJHVSYAjWXvzsRce_3QFJN3sw,"point_of_interest, establishment",Bicholim,15.5636883,74.0071034,,,"['food', 'fort', 'historical', 'shopping']"
Betul Fort,"Canaguinim, Goa, India",3.9,1499.0,ChIJobqioGVMvjsRBDAPLJzsyTk,"tourist_attraction, point_of_interest, establishment",Salcete (Margao),15.1409989,73.9506808,,,"['fort', 'historical']"
Corjuem Fort,"Off, Road, Corjuem, Aldona, Goa 403508, India",3.9,1078.0,ChIJi420u6uVvzsRqLpaRPrq6SI,"tourist_attraction, point_of_interest, establishment,historical,fort",Bicholim,15.5968001,73.8927884,,,"['fort', 'historical']"
Monkey Beach,"CQ2R+5F9, Unnamed Road, Bogda, Headland Sada, Vasco Da Gama, Mormugao, Goa 403804, India",3.9,310.0,ChIJo1f9PInHvzsROGswlHitpMs,"tourist_attraction, point_of_interest, establishment,beach",Mormugao (Vasco),15.4004081,73.7912483,,,['beaches']
Aguada Fort Ticket Counter,"Aguada - Siolim Rd, Sinquerim, Candolim, Goa 403515, India",3.9,59.0,ChIJl8SPaG_BvzsRDH0yEL8QGcY,"tourist_attraction, point_of_interest, establishment",Bardez (Mapusa),15.4934619,73.7747728,,,"['fort', 'historical']"
Nauxim Beach,"FR2V+F2Q, Tiswadi, Bambolim, Goa 403206, India",3.9,34.0,ChIJX1r4L6i4vzsRCgJM-9aCFeY,"tourist_attraction, point_of_interest, establishment",Tiswadi (Panaji),15.4512113,73.8426049,,,['beaches']
Gaspar Dias Fort Cannon,"FRM5+8HX, Miramar Cir, Miramar, Panaji, Goa 403001, India",3.9,9.0,ChIJubGBBADBvzsRlm-GIwNxcew,"point_of_interest, establishment",Tiswadi (Panaji),15.4833578,73.8089759,,,"['fort', 'historical']"
Goa State Museum,"Patto Centre Building, Adilshaha Palace, Old Secretariat, Panaji instead of, Patto, Panaji, Goa 403001, India",3.8,799.0,ChIJC_YOKJvAvzsRxHcRKHiw_JQ,"museum, point_of_interest, establishment",Tiswadi (Panaji),15.5007546,73.829868,,,['historical']
Mystic Woods,"C2G6+Q47, Ponda, Pisgal, Priol, Goa 403404, India",3.8,608.0,ChIJI2vEMie7vzsRj6GD15iAWac,"tourist_attraction, museum, park, point_of_interest, establishment,nature",Ponda,15.4295587,74.0124491,,,"['historical', 'nature']"
Vaddem Beach,"Vaddem, Vasco Da Gama, Goa 403802, India",3.8,398.0,ChIJ6ROfhZrHvzsRVpkUvD1gv9o,"point_of_interest, establishment",Salcete (Margao),15.4031689,73.8277388,,,['beaches']
Fort of Mormugao,"CQ6V+MMV, Headland Sada, Vasco Da Gama, Goa 403803, India",3.8,75.0,ChIJL1-OdB3HvzsR4MgQ9kp6Clg,"point_of_interest, establishment",Mormugao (Vasco),15.4117376,73.7941706,,,"['fort', 'historical']"
Museum Solar Souto Maior,"H.NO.B-40,ST.PEDRO BAINGUINIM, Old Goa, 403402, India",3.8,29.0,ChIJB2W7l_y-vzsRlN1n1DugmKc,"museum, point_of_interest, establishment",Tiswadi (Panaji),15.4998023,73.8940311,,,['historical']
Fort Mormugao (Entrance),"CQ6V+49G, Headland Sada, Vasco Da Gama, Goa 403803, India",3.8,5.0,ChIJA0wbPQDHvzsRB1d7XDjetBI,"point_of_interest, establishment",Mormugao (Vasco),15.4103248,73.7934457,,,"['fort', 'historical']"
Ashvek Vintage World Car Museum,"12/B, Nuvem, Goa 403713, India",3.7,346.0,ChIJA44p4y2xvzsRYjVq3GXi4sk,"museum, tourist_attraction, point_of_interest, establishment",Salcete (Margao),15.3211336,73.9414845,,,['historical']
Bimbel Beach,"Bimbel Beach, Vasco Da Gama, Goa 403801, India",3.7,32.0,ChIJCTDr0-DHvzsR9UEtahayNOE,"natural_feature, establishment",Mormugao (Vasco),15.3731347,73.8211375,,,['beaches']
Hole Beach View Point,"CQ3P+XM8, Headland Sada, Mormugao, Goa, India",3.7,3.0,ChIJ_YzheqHHvzsRvTnncPdnjy0,"tourist_attraction, point_of_interest, establishment",Mormugao (Vasco),15.4049002,73.7867089,,,"['beaches', 'scenic']"
Colvale Fort,"JVM2+X6H, Tivim, Goa 403502, India",3.6,159.0,ChIJuXkS_a6UvzsRRN83nTSYxJ4,"point_of_interest, establishment",Pernem,15.6350543,73.8505712,,,"['fort', 'historical']"
C & A adventures water sports,"beach, Bogmalo, Mormugao, Goa 403806, India",3.6,7.0,ChIJRWe7SVrHvzsRoavk_URtYgc,"tourist_attraction, point_of_interest, establishment",Mormugao (Vasco),15.369213,73.8341244,,,"['adventure', 'beaches', 'water sports']"
Kerkar Art Complex,"GQM6+7JM, Holiday St, Gauravaddo, Calangute, Goa 403516, India",3.5,39.0,ChIJJ9made_BvzsRIjH1r4LkwGs,"tourist_attraction, museum, point_of_interest, establishment",Bardez (Mapusa),15.5331651,73.761561,,,['historical']
Dr.Sophia Waterfall,"Old Goa, Baingini, Goa 403402, India",3.5,32.0,ChIJHbPbiNy_vzsRVGBXJbg_6lU,"park, point_of_interest, establishment, waterfall, scenic, relaxation, peaceful",Tiswadi (Panaji),15.4888494,73.9013952,,,"['historical', 'nature', 'peaceful', 'relaxation', 'scenic']"
Thivim Fort,"JVM2+X5H, Tivim, Goa 403502, India",3.5,2.0,ChIJ___v_K6UvzsR7WAqHJQDxnc,"point_of_interest, establishment",Pernem,15.6349283,73.8504981,,,"['fort', 'historical']"
Wax World Museum,"GW27+4G6, Old Goa, Goa 403402, India",3.4,1997.0,ChIJ751RXI2-vzsRLoDZRIDrQc4,"tourist_attraction, museum, point_of_interest, establishment",Salcete (Margao),15.5002895,73.9136885,,,['historical']
Coco Heritage Resort Water Park & Swimming Pool,"near Goan Beach club, Baga-Arpora road, Arpora",3.4,358.0,ChIJ6z7MiyHqvzsRK5bfx4qcJTY,"tourist_attraction, amusement_park, point_of_interest, establishment",Tiswadi (Panaji),15.5690863,73.7534674,,,"['beaches', 'historical', 'nature', 'nightlife']"
Hidden Lotus Cave Patnem,"X2VP+Q35 patnem beach Patnem, Palolem, Canacona, Goa 403702, India",3.4,16.0,ChIJG9Sszt5bvjsRNsEFXe9XoU0,"tourist_attraction, point_of_interest, establishment",Canacona,14.9943825,74.0352404,,,['beaches']
Vasco Da Gama Old Residence,"E-250, Gomes Pereira Road, Altinho, Panaji, Goa 403001, India",3.1,15.0,ChIJEb44UADBvzsRXnmaqsZQs5A,"tourist_attraction, point_of_interest, establishment",Tiswadi (Panaji),15.4981532,73.83186,,,['historical']
Floating jetty,"FRV8+69P, Panaji, Goa 403001, India",3.0,2.0,ChIJW_ESZgDBvzsRtOOTEmc4myY,"tourist_attraction, point_of_interest, establishment",Tiswadi (Panaji),15.493198,73.815714,,,['beaches']
